<annotation>
	<folder>training</folder>
	<filename>133.jpg</filename>
	<path>C:\Work\OrthoIndex_Utilities\orthoindex-utils\image-downloader\downloads\fracture\training\133.jpg</path>
	<source>
		<database>Unknown</database>
	</source>
	<size>
		<width>372</width>
		<height>370</height>
		<depth>1</depth>
	</size>
	<segmented>0</segmented>
	<object>
		<name>fracture</name>
		<pose>Unspecified</pose>
		<truncated>0</truncated>
		<difficult>0</difficult>
		<bndbox>
			<xmin>156</xmin>
			<ymin>120</ymin>
			<xmax>193</xmax>
			<ymax>166</ymax>
		</bndbox>
	</object>
</annotation>
