<annotation>
	<folder>training</folder>
	<filename>135.jpg</filename>
	<path>C:\Work\OrthoIndex_Utilities\orthoindex-utils\image-downloader\downloads\fracture\training\135.jpg</path>
	<source>
		<database>Unknown</database>
	</source>
	<size>
		<width>662</width>
		<height>1024</height>
		<depth>1</depth>
	</size>
	<segmented>0</segmented>
	<object>
		<name>fracture</name>
		<pose>Unspecified</pose>
		<truncated>0</truncated>
		<difficult>0</difficult>
		<bndbox>
			<xmin>424</xmin>
			<ymin>89</ymin>
			<xmax>499</xmax>
			<ymax>174</ymax>
		</bndbox>
	</object>
</annotation>
