<annotation>
	<folder>training</folder>
	<filename>14.jpg</filename>
	<path>C:\Work\OrthoIndex_Utilities\orthoindex-utils\image-downloader\downloads\fracture\training\14.jpg</path>
	<source>
		<database>Unknown</database>
	</source>
	<size>
		<width>495</width>
		<height>835</height>
		<depth>1</depth>
	</size>
	<segmented>0</segmented>
	<object>
		<name>fracture</name>
		<pose>Unspecified</pose>
		<truncated>0</truncated>
		<difficult>0</difficult>
		<bndbox>
			<xmin>181</xmin>
			<ymin>412</ymin>
			<xmax>249</xmax>
			<ymax>573</ymax>
		</bndbox>
	</object>
</annotation>
