<annotation>
	<folder>training</folder>
	<filename>183.jpg</filename>
	<path>C:\Work\OrthoIndex_Utilities\orthoindex-utils\image-downloader\downloads\fracture\training\183.jpg</path>
	<source>
		<database>Unknown</database>
	</source>
	<size>
		<width>657</width>
		<height>1024</height>
		<depth>1</depth>
	</size>
	<segmented>0</segmented>
	<object>
		<name>fracture</name>
		<pose>Unspecified</pose>
		<truncated>0</truncated>
		<difficult>0</difficult>
		<bndbox>
			<xmin>510</xmin>
			<ymin>310</ymin>
			<xmax>593</xmax>
			<ymax>402</ymax>
		</bndbox>
	</object>
</annotation>
