<annotation>
	<folder>training</folder>
	<filename>19.jpg</filename>
	<path>C:\Work\OrthoIndex_Utilities\orthoindex-utils\image-downloader\downloads\fracture\training\19.jpg</path>
	<source>
		<database>Unknown</database>
	</source>
	<size>
		<width>909</width>
		<height>1024</height>
		<depth>3</depth>
	</size>
	<segmented>0</segmented>
	<object>
		<name>fracture</name>
		<pose>Unspecified</pose>
		<truncated>0</truncated>
		<difficult>0</difficult>
		<bndbox>
			<xmin>558</xmin>
			<ymin>513</ymin>
			<xmax>649</xmax>
			<ymax>639</ymax>
		</bndbox>
	</object>
</annotation>
