<annotation>
	<folder>training</folder>
	<filename>192.jpg</filename>
	<path>C:\Work\OrthoIndex_Utilities\orthoindex-utils\image-downloader\downloads\fracture\training\192.jpg</path>
	<source>
		<database>Unknown</database>
	</source>
	<size>
		<width>837</width>
		<height>1024</height>
		<depth>3</depth>
	</size>
	<segmented>0</segmented>
	<object>
		<name>fracture</name>
		<pose>Unspecified</pose>
		<truncated>0</truncated>
		<difficult>0</difficult>
		<bndbox>
			<xmin>192</xmin>
			<ymin>427</ymin>
			<xmax>269</xmax>
			<ymax>511</ymax>
		</bndbox>
	</object>
</annotation>
