<annotation>
	<folder>training</folder>
	<filename>24.jpg</filename>
	<path>C:\Work\OrthoIndex_Utilities\orthoindex-utils\image-downloader\downloads\fracture\training\24.jpg</path>
	<source>
		<database>Unknown</database>
	</source>
	<size>
		<width>909</width>
		<height>1024</height>
		<depth>3</depth>
	</size>
	<segmented>0</segmented>
	<object>
		<name>fracture</name>
		<pose>Unspecified</pose>
		<truncated>0</truncated>
		<difficult>0</difficult>
		<bndbox>
			<xmin>564</xmin>
			<ymin>517</ymin>
			<xmax>652</xmax>
			<ymax>632</ymax>
		</bndbox>
	</object>
</annotation>
