<annotation>
	<folder>training</folder>
	<filename>28.jpg</filename>
	<path>C:\Work\OrthoIndex_Utilities\orthoindex-utils\image-downloader\downloads\fracture\training\28.jpg</path>
	<source>
		<database>Unknown</database>
	</source>
	<size>
		<width>1586</width>
		<height>1706</height>
		<depth>1</depth>
	</size>
	<segmented>0</segmented>
	<object>
		<name>fracture</name>
		<pose>Unspecified</pose>
		<truncated>0</truncated>
		<difficult>0</difficult>
		<bndbox>
			<xmin>683</xmin>
			<ymin>552</ymin>
			<xmax>886</xmax>
			<ymax>1005</ymax>
		</bndbox>
	</object>
	<object>
		<name>fracture</name>
		<pose>Unspecified</pose>
		<truncated>0</truncated>
		<difficult>0</difficult>
		<bndbox>
			<xmin>1002</xmin>
			<ymin>610</ymin>
			<xmax>1144</xmax>
			<ymax>1026</ymax>
		</bndbox>
	</object>
	<object>
		<name>fracture</name>
		<pose>Unspecified</pose>
		<truncated>0</truncated>
		<difficult>0</difficult>
		<bndbox>
			<xmin>1257</xmin>
			<ymin>750</ymin>
			<xmax>1412</xmax>
			<ymax>1155</ymax>
		</bndbox>
	</object>
</annotation>
