<annotation>
	<folder>training</folder>
	<filename>39.jpg</filename>
	<path>C:\Work\OrthoIndex_Utilities\orthoindex-utils\image-downloader\downloads\fracture\training\39.jpg</path>
	<source>
		<database>Unknown</database>
	</source>
	<size>
		<width>167</width>
		<height>224</height>
		<depth>1</depth>
	</size>
	<segmented>0</segmented>
	<object>
		<name>fracture</name>
		<pose>Unspecified</pose>
		<truncated>0</truncated>
		<difficult>0</difficult>
		<bndbox>
			<xmin>98</xmin>
			<ymin>13</ymin>
			<xmax>127</xmax>
			<ymax>48</ymax>
		</bndbox>
	</object>
</annotation>
