<annotation>
	<folder>training</folder>
	<filename>72.jpg</filename>
	<path>C:\Work\OrthoIndex_Utilities\orthoindex-utils\image-downloader\downloads\fracture\training\72.jpg</path>
	<source>
		<database>Unknown</database>
	</source>
	<size>
		<width>357</width>
		<height>450</height>
		<depth>1</depth>
	</size>
	<segmented>0</segmented>
	<object>
		<name>fracture</name>
		<pose>Unspecified</pose>
		<truncated>0</truncated>
		<difficult>0</difficult>
		<bndbox>
			<xmin>81</xmin>
			<ymin>313</ymin>
			<xmax>127</xmax>
			<ymax>358</ymax>
		</bndbox>
	</object>
</annotation>
