<annotation>
	<folder>training</folder>
	<filename>81.jpg</filename>
	<path>C:\Work\OrthoIndex_Utilities\orthoindex-utils\image-downloader\downloads\fracture\training\81.jpg</path>
	<source>
		<database>Unknown</database>
	</source>
	<size>
		<width>1476</width>
		<height>1706</height>
		<depth>1</depth>
	</size>
	<segmented>0</segmented>
	<object>
		<name>fracture</name>
		<pose>Unspecified</pose>
		<truncated>0</truncated>
		<difficult>0</difficult>
		<bndbox>
			<xmin>321</xmin>
			<ymin>428</ymin>
			<xmax>539</xmax>
			<ymax>631</ymax>
		</bndbox>
	</object>
	<object>
		<name>fracture</name>
		<pose>Unspecified</pose>
		<truncated>0</truncated>
		<difficult>0</difficult>
		<bndbox>
			<xmin>942</xmin>
			<ymin>673</ymin>
			<xmax>1105</xmax>
			<ymax>989</ymax>
		</bndbox>
	</object>
	<object>
		<name>fracture</name>
		<pose>Unspecified</pose>
		<truncated>0</truncated>
		<difficult>0</difficult>
		<bndbox>
			<xmin>778</xmin>
			<ymin>680</ymin>
			<xmax>918</xmax>
			<ymax>834</ymax>
		</bndbox>
	</object>
	<object>
		<name>fracture</name>
		<pose>Unspecified</pose>
		<truncated>0</truncated>
		<difficult>0</difficult>
		<bndbox>
			<xmin>577</xmin>
			<ymin>563</ymin>
			<xmax>765</xmax>
			<ymax>836</ymax>
		</bndbox>
	</object>
</annotation>
