<annotation>
	<folder>training</folder>
	<filename>82.jpg</filename>
	<path>C:\Work\OrthoIndex_Utilities\orthoindex-utils\image-downloader\downloads\fracture\training\82.jpg</path>
	<source>
		<database>Unknown</database>
	</source>
	<size>
		<width>1593</width>
		<height>1706</height>
		<depth>3</depth>
	</size>
	<segmented>0</segmented>
	<object>
		<name>fracture</name>
		<pose>Unspecified</pose>
		<truncated>0</truncated>
		<difficult>0</difficult>
		<bndbox>
			<xmin>781</xmin>
			<ymin>480</ymin>
			<xmax>1014</xmax>
			<ymax>765</ymax>
		</bndbox>
	</object>
	<object>
		<name>fracture</name>
		<pose>Unspecified</pose>
		<truncated>0</truncated>
		<difficult>0</difficult>
		<bndbox>
			<xmin>1089</xmin>
			<ymin>603</ymin>
			<xmax>1231</xmax>
			<ymax>813</ymax>
		</bndbox>
	</object>
	<object>
		<name>fracture</name>
		<pose>Unspecified</pose>
		<truncated>0</truncated>
		<difficult>0</difficult>
		<bndbox>
			<xmin>1202</xmin>
			<ymin>736</ymin>
			<xmax>1368</xmax>
			<ymax>970</ymax>
		</bndbox>
	</object>
</annotation>
