<annotation>
	<folder>training</folder>
	<filename>89.jpg</filename>
	<path>C:\Work\OrthoIndex_Utilities\orthoindex-utils\image-downloader\downloads\fracture\training\89.jpg</path>
	<source>
		<database>Unknown</database>
	</source>
	<size>
		<width>1754</width>
		<height>2333</height>
		<depth>3</depth>
	</size>
	<segmented>0</segmented>
	<object>
		<name>fracture</name>
		<pose>Unspecified</pose>
		<truncated>0</truncated>
		<difficult>0</difficult>
		<bndbox>
			<xmin>1339</xmin>
			<ymin>1366</ymin>
			<xmax>1500</xmax>
			<ymax>1538</ymax>
		</bndbox>
	</object>
</annotation>
